{"cameraMode":{"drawMode":0,"name":"Shaded","section":"Shading Mode"},"sceneLighting":true,"audioPlay":false,"sceneViewState":{"showFog":true,"showMaterialUpdate":false,"showSkybox":true,"showFlares":true,"showImageEffects":true,"showParticleSystems":true},"in2DMode":false,"pivot":{"x":51.48836898803711,"y":18.390962600708009,"z":41.09098434448242},"rotation":{"x":0.10280866920948029,"y":-0.4408068358898163,"z":-0.05412718281149864,"w":-0.8900505304336548},"size":71.98828125,"orthographic":false}